{
  "controller/App-dbg.controller.js": 1771498507810,
  "controller/View1.controller.js": 1771567132437,
  "model/models.js": 1771498507806,
  "controller/App.controller.js": 1771498507810,
  "manifest.json": 1771498527686,
  "Component.js": 1771498507798,
  "controller/View1-dbg.controller.js": 1771567132437,
  "controller/View1.controller.js.map": 1771567153130,
  "model/models-dbg.js": 1771498507806,
  "model/models.js.map": 1771567153130,
  "i18n/i18n.properties": 1771498527690,
  "controller/App.controller.js.map": 1771567153128,
  "Component-dbg.js": 1771498507798,
  "Component.js.map": 1771567153130,
  "Component-preload.js": 1771567153348,
  "Component-preload.js.map": 1771567153348,
  "view/View1.view.xml": 1771499799680,
  "view/App.view.xml": 1771498507810,
  "css/style.css": 1771498507810,
  "index.html": 1771498507798
}